quote,author,tags,tag_count,quote_length,word_count
“The world as we have created it is a process of our thinking. It cannot be changed without changing our thinking.”,Albert Einstein,"change, deep-thoughts, thinking, world",4,115,21
"“It is our choices, Harry, that show what we truly are, far more than our abilities.”",J.K. Rowling,"abilities, choices",2,85,16
“There are only two ways to live your life. One is as though nothing is a miracle. The other is as though everything is a miracle.”,Albert Einstein,"inspirational, life, live, miracle, miracles",5,131,26
"“The person, be it gentleman or lady, who has not pleasure in a good novel, must be intolerably stupid.”",Jane Austen,"aliteracy, books, classic, humor",4,104,19
"“Imperfection is beauty, madness is genius and it's better to be absolutely ridiculous than absolutely boring.”",Marilyn Monroe,"be-yourself, inspirational",2,111,16
“Try not to become a man of success. Rather become a man of value.”,Albert Einstein,"adulthood, success, value",3,67,14
“It is better to be hated for what you are than to be loved for what you are not.”,André Gide,"life, love",2,82,19
"“I have not failed. I've just found 10,000 ways that won't work.”",Thomas A. Edison,"edison, failure, inspirational, paraphrased",4,65,12
“A woman is like a tea bag; you never know how strong it is until it's in hot water.”,Eleanor Roosevelt,misattributed-eleanor-roosevelt,1,85,19
"“A day without sunshine is like, you know, night.”",Steve Martin,"humor, obvious, simile",3,50,9
"“This life is what you make it. No matter what, you're going to mess up sometimes, it's a universal truth. But the good part is you get to decide how you're going to mess it up. Girls will be your friends - they'll act like it anyway. But just remember, some come, some go. The ones that stay with you through everything - they're your true best friends. Don't let go of them. Also remember, sisters make the best friends in the world. As for lovers, well, they'll come and go too. And baby, I hate to say it, most of them - actually pretty much all of them are going to break your heart, but you can't give up because if you give up, you'll never find your soulmate. You'll never find that half who makes you whole and that goes for everything. Just because you fail once, doesn't mean you're gonna fail at everything. Keep trying, hold on, and always, always, always believe in yourself, because if you don't, then who will, sweetie? So keep your head high, keep your chin up, and most importantly, keep smiling, because life's a beautiful thing and there's so much to smile about.”",Marilyn Monroe,"friends, heartbreak, inspirational, life, love, sisters",6,1084,201
"“It takes a great deal of bravery to stand up to our enemies, but just as much to stand up to our friends.”",J.K. Rowling,"courage, friends",2,107,23
"“If you can't explain it to a six year old, you don't understand it yourself.”",Albert Einstein,"simplicity, understand",2,78,15
"“You may not be her first, her last, or her only. She loved before she may love again. But if she loves you now, what else matters? She's not perfect—you aren't either, and the two of you may never be perfect together but if she can make you laugh, cause you to think twice, and admit to being human and making mistakes, hold onto her and give her the most you can. She may not be thinking about you every second of the day, but she will give you a part of her that she knows you can break—her heart. So don't hurt her, don't change her, don't analyze and don't expect more than she can give. Smile when she makes you happy, let her know when she makes you mad, and miss her when she's not there.”",Bob Marley,love,1,697,138
"“I like nonsense, it wakes up the brain cells. Fantasy is a necessary ingredient in living.”",Dr. Seuss,fantasy,1,92,16
"“I may not have gone where I intended to go, but I think I have ended up where I needed to be.”",Douglas Adams,"life, navigation",2,95,22
"“The opposite of love is not hate, it's indifference. The opposite of art is not ugliness, it's indifference. The opposite of faith is not heresy, it's indifference. And the opposite of life is not death, it's indifference.”",Elie Wiesel,"activism, apathy, hate, indifference, inspirational, love, opposite, philosophy",8,224,37
"“It is not a lack of love, but a lack of friendship that makes unhappy marriages.”",Friedrich Nietzsche,"friendship, lack-of-friendship, lack-of-love, love, marriage, unhappy-marriage",6,82,16
"“Good friends, good books, and a sleepy conscience: this is the ideal life.”",Mark Twain,"books, contentment, friends, friendship, life",5,76,13
“Life is what happens to us while we are making other plans.”,Allen Saunders,"fate, life, misattributed-john-lennon, planning, plans",5,61,12
"“I love you without knowing how, or when, or from where. I love you simply, without problems or pride: I love you in this way because I do not know any other way of loving but this, in which there is no I or you, so intimate that your hand upon my chest is my hand, so intimate that when I fall asleep your eyes close.”",Pablo Neruda,"love, poetry",2,319,66
“For every minute you are angry you lose sixty seconds of happiness.”,Ralph Waldo Emerson,happiness,1,69,12
"“If you judge people, you have no time to love them.”",Mother Teresa,attributed-no-source,1,53,11
“Anyone who thinks sitting in church can make you a Christian must also think that sitting in a garage can make you a car.”,Garrison Keillor,"humor, religion",2,123,24
“Beauty is in the eye of the beholder and it may be necessary from time to time to give a stupid or misinformed beholder a black eye.”,Jim Henson,humor,1,134,27
"“Today you are You, that is truer than true. There is no one alive who is Youer than You.”",Dr. Seuss,"comedy, life, yourself",3,90,19
"“If you want your children to be intelligent, read them fairy tales. If you want them to be more intelligent, read them more fairy tales.”",Albert Einstein,"children, fairy-tales",2,138,25
"“It is impossible to live without failing at something, unless you live so cautiously that you might as well not have lived at all - in which case, you fail by default.”",J.K. Rowling,,0,169,32
“Logic will get you from A to Z; imagination will get you everywhere.”,Albert Einstein,imagination,1,70,13
"“One good thing about music, when it hits you, you feel no pain.”",Bob Marley,music,1,65,13
"“The more that you read, the more things you will know. The more that you learn, the more places you'll go.”",Dr. Seuss,"learning, reading, seuss",3,108,21
"“Of course it is happening inside your head, Harry, but why on earth should that mean that it is not real?”",J.K. Rowling,dumbledore,1,107,21
"“The truth is, everyone is going to hurt you. You just got to find the ones worth suffering for.”",Bob Marley,friendship,1,97,19
“Not all of us can do great things. But we can do small things with great love.”,Mother Teresa,"misattributed-to-mother-teresa, paraphrased",2,80,17
"“To the well-organized mind, death is but the next great adventure.”",J.K. Rowling,"death, inspirational",2,68,11
“All you need is love. But a little chocolate now and then doesn't hurt.”,Charles M. Schulz,"chocolate, food, humor",3,73,14
“We read to know we're not alone.”,William Nicholson,"misattributed-to-c-s-lewis, reading",2,34,7
“Any fool can know. The point is to understand.”,Albert Einstein,"knowledge, learning, understanding, wisdom",4,48,9
“I have always imagined that Paradise will be a kind of library.”,Jorge Luis Borges,"books, library",2,65,12
“It is never too late to be what you might have been.”,George Eliot,inspirational,1,54,12
"“A reader lives a thousand lives before he dies, said Jojen. The man who never reads lives only one.”",George R.R. Martin,"read, readers, reading, reading-books",4,101,19
“You can never get a cup of tea large enough or a book long enough to suit me.”,C.S. Lewis,"books, inspirational, reading, tea",4,79,18
“You believe lies so you eventually learn to trust no one but yourself.”,Marilyn Monroe,,0,72,13
"“If you can make a woman laugh, you can make her do anything.”",Marilyn Monroe,"girls, love",2,62,13
"“Life is like riding a bicycle. To keep your balance, you must keep moving.”",Albert Einstein,"life, simile",2,76,14
“The real lover is the man who can thrill you by kissing your forehead or smiling into your eyes or just staring into space.”,Marilyn Monroe,love,1,125,24
"“A wise girl kisses but doesn't love, listens but doesn't believe, and leaves before she is left.”",Marilyn Monroe,attributed-no-source,1,98,17
“Only in the darkness can you see the stars.”,Martin Luther King Jr.,"hope, inspirational",2,45,9
"“It matters not what someone is born, but what they grow to be.”",J.K. Rowling,dumbledore,1,64,13
"“Love does not begin and end the way we seem to think it does. Love is a battle, love is a war; love is a growing up.”",James Baldwin,love,1,118,27
"“There is nothing I would not do for those who are really my friends. I have no notion of loving people by halves, it is not my nature.”",Jane Austen,"friendship, love",2,136,28
“Do one thing every day that scares you.”,Eleanor Roosevelt,"attributed, fear, inspiration",3,41,8
"“I am good, but not an angel. I do sin, but I am not the devil. I am just a small girl in a big world trying to find someone to love.”",Marilyn Monroe,attributed-no-source,1,134,32
"“If I were not a physicist, I would probably be a musician. I often think in music. I live my daydreams in music. I see my life in terms of music.”",Albert Einstein,music,1,147,31
"“If you only read the books that everyone else is reading, you can only think what everyone else is thinking.”",Haruki Murakami,"books, thought",2,110,20
“The difference between genius and stupidity is: genius has its limits.”,Alexandre Dumas fils,misattributed-to-einstein,1,72,11
"“He's like a drug for you, Bella.”",Stephenie Meyer,"drug, romance, simile",3,34,7
“There is no friend as loyal as a book.”,Ernest Hemingway,"books, friends, novelist-quotes",3,40,9
"“When one door of happiness closes, another opens; but often we look so long at the closed door that we do not see the one which has been opened for us.”",Helen Keller,inspirational,1,153,31
“Life isn't about finding yourself. Life is about creating yourself.”,George Bernard Shaw,"inspirational, life, yourself",3,69,10
"“That's the problem with drinking, I thought, as I poured myself a drink. If something bad happens you drink in an attempt to forget; if something good happens you drink in order to celebrate; and if nothing happens you drink to make something happen.”",Charles Bukowski,alcohol,1,252,44
“You don’t forget the face of the person who was your last hope.”,Suzanne Collins,the-hunger-games,1,65,13
"“Remember, we're madly in love, so it's all right to kiss me anytime you feel like it.”",Suzanne Collins,humor,1,87,17
"“To love at all is to be vulnerable. Love anything and your heart will be wrung and possibly broken. If you want to make sure of keeping it intact you must give it to no one, not even an animal. Wrap it carefully round with hobbies and little luxuries; avoid all entanglements. Lock it up safe in the casket or coffin of your selfishness. But in that casket, safe, dark, motionless, airless, it will change. It will not be broken; it will become unbreakable, impenetrable, irredeemable. To love is to be vulnerable.”",C.S. Lewis,love,1,516,92
“Not all those who wander are lost.”,J.R.R. Tolkien,"bilbo, journey, lost, quest, travel, wander",6,36,7
"“Do not pity the dead, Harry. Pity the living, and, above all those who live without love.”",J.K. Rowling,live-death-love,1,91,17
“There is nothing to writing. All you do is sit down at a typewriter and bleed.”,Ernest Hemingway,"good, writing",2,80,16
“Finish each day and be done with it. You have done what you could. Some blunders and absurdities no doubt crept in; forget them as soon as you can. Tomorrow is a new day. You shall begin it serenely and with too high a spirit to be encumbered with your old nonsense.”,Ralph Waldo Emerson,"life, regrets",2,268,52
“I have never let my schooling interfere with my education.”,Mark Twain,education,1,60,10
“I have heard there are troubles of more than one kind. Some come from ahead and some come from behind. But I've bought a big bat. I'm all ready you see. Now my troubles are going to have troubles with me!”,Dr. Seuss,troubles,1,206,41
“If I had a flower for every time I thought of you...I could walk through my garden forever.”,Alfred Tennyson,"friendship, love",2,93,18
“Some people never go crazy. What truly horrible lives they must lead.”,Charles Bukowski,humor,1,71,12
"“The trouble with having an open mind, of course, is that people will insist on coming along and trying to put things in it.”",Terry Pratchett,"humor, open-mind, thinking",3,125,24
"“Think left and think right and think low and think high. Oh, the thinks you can think up if only you try!”",Dr. Seuss,"humor, philosophy",2,107,22
"“What really knocks me out is a book that, when you're all done reading it, you wish the author that wrote it was a terrific friend of yours and you could call him up on the phone whenever you felt like it. That doesn't happen much, though.”",J.D. Salinger,"authors, books, literature, reading, writing",5,241,47
“The reason I talk to myself is because I’m the only one whose answers I accept.”,George Carlin,"humor, insanity, lies, lying, self-indulgence, truth",6,81,16
"“You may say I'm a dreamer, but I'm not the only one. I hope someday you'll join us. And the world will live as one.”",John Lennon,"beatles, connection, dreamers, dreaming, dreams, hope, inspirational, peace",8,117,25
“I am free of all prejudice. I hate everyone equally. ”,W.C. Fields,"humor, sinister",2,55,11
“The question isn't who is going to let me; it's who is going to stop me.”,Ayn Rand,,0,74,16
“′Classic′ - a book which people praise and don't read.”,Mark Twain,"books, classic, reading",3,56,10
“Anyone who has never made a mistake has never tried anything new.”,Albert Einstein,mistakes,1,67,12
"“A lady's imagination is very rapid; it jumps from admiration to love, from love to matrimony in a moment.”",Jane Austen,"humor, love, romantic, women",4,107,19
"“Remember, if the time should come when you have to make a choice between what is right and what is easy, remember what happened to a boy who was good, and kind, and brave, because he strayed across the path of Lord Voldemort. Remember Cedric Diggory.”",J.K. Rowling,integrity,1,252,46
"“I declare after all there is no enjoyment like reading! How much sooner one tires of any thing than of a book! -- When I have a house of my own, I shall be miserable if I have not an excellent library.”",Jane Austen,"books, library, reading",3,203,42
"“There are few people whom I really love, and still fewer of whom I think well. The more I see of the world, the more am I dissatisfied with it; and every day confirms my belief of the inconsistency of all human characters, and of the little dependence that can be placed on the appearance of merit or sense.”",Jane Austen,"elizabeth-bennet, jane-austen",2,309,59
“Some day you will be old enough to start reading fairy tales again.”,C.S. Lewis,"age, fairytales, growing-up",3,69,13
“We are not necessarily doubting that God will do the best for us; we are wondering how painful the best will turn out to be.”,C.S. Lewis,god,1,126,25
“The fear of death follows from the fear of life. A man who lives fully is prepared to die at any time.”,Mark Twain,"death, life",2,104,22
“A lie can travel half way around the world while the truth is putting on its shoes.”,Mark Twain,"misattributed-mark-twain, truth",2,85,17
"“I believe in Christianity as I believe that the sun has risen: not only because I see it, but because by it I see everything else.”",C.S. Lewis,"christianity, faith, religion, sun",4,132,26
"“The truth."" Dumbledore sighed. ""It is a beautiful and terrible thing, and should therefore be treated with great caution.”",J.K. Rowling,truth,1,123,19
"“I'm the one that's got to die when it's time for me to die, so let me live my life the way I want to.”",Jimi Hendrix,"death, life",2,103,25
“To die will be an awfully big adventure.”,J.M. Barrie,"adventure, love",2,42,8
“It takes courage to grow up and become who you really are.”,E.E. Cummings,courage,1,60,12
“But better to get hurt by the truth than comforted with a lie.”,Khaled Hosseini,life,1,64,13
“You never really understand a person until you consider things from his point of view... Until you climb inside of his skin and walk around in it.”,Harper Lee,better-life-empathy,1,148,27
"“You have to write the book that wants to be written. And if the book will be too difficult for grown-ups, then you write it for children.”",Madeleine L'Engle,"books, children, difficult, grown-ups, write, writers, writing",7,139,27
“Never tell the truth to people who are not worthy of it.”,Mark Twain,truth,1,58,12
"“A person's a person, no matter how small.”",Dr. Seuss,inspirational,1,43,8
"“... a mind needs books as a sword needs a whetstone, if it is to keep its edge.”",George R.R. Martin,"books, mind",2,81,18
"In the depth of winter, I finally learned that there was within me an invincible summer.",Albert Camus,"famous quotes, inspirational",2,88,16
"To follow, without halt, one aim: There is the secret of success.",Anna Pavlova,success,1,65,12
Focusing your life solely on making a buck shows a poverty of ambition. It asks too little of yourself. And it will leave you unfulfilled.,Barack Obama,"success, famous quotes",2,138,25
It is never too late to be what you might have been.,George Eliot,"famous quotes, success, wisdom",3,52,12
"Pick battles big enough to matter, small enough to win.",Jonathan Kozol,"famous quotes, wisdom",2,55,10
Who sows virtue reaps honor.,Leonardo da Vinci,"famous quotes, honor, virtue",3,28,5
Nobody will believe in you unless you believe in yourself.,Liberace,"famous quotes, inspirational, motivational",3,58,10
Each day provides its own gifts.,Marcus Aurelius,"famous quotes, wisdom",2,32,6
Don't wait. The time will never be just right.,Napoleon Hill,"famous quotes, motivational",2,46,9
"If I am not for myself, who will be for me? If I am not for others, what am I? And if not now, when?",Rabbi Hillel,"famous quotes, wisdom",2,100,25
"Do not go where the path may lead, go instead where there is no path and leave a trail.",Ralph Waldo Emerson,"famous quotes, wisdom",2,87,19
Nothing great was ever achieved without enthusiasm.,Ralph Waldo Emerson,"famous quotes, success",2,51,7
"If you love someone, set them free. If they come back, they're yours; if they don't, they never were.",Richard Bach,love,1,101,19
There is no duty we so underrate as the duty of being happy. By being happy we sow anonymous benefits upon the world.,Robert Louis Stevenson,"life, happiness",2,117,23
"These days people seek knowledge, not wisdom. Knowledge is of the past; wisdom is of the future.",Vernon Cooper,"future, wisdom",2,96,17
This is the final test of a gentleman: his respect for those who can be of no possible value to him.,William Lyon Phelps,"wisdom, life",2,100,21
"Six essential qualities that are the key to success: Sincerity, personal integrity, humility, courtesy, wisdom, charity.",William C. Menninger,"success, life",2,120,16
Short words are best and the old words when short are best of all.,Winston Churchill,"famous quotes, wisdom",2,66,14
"Applause is a receipt, not a bill.",Dale Carnegie,wisdom,1,34,7
Talent is God-given; be humble. Fame is man-given; be thankful. Conceit is self-given; be careful.,Harvey Mackay,wisdom,1,98,15
Never interrupt someone doing what you said couldn't be done.,Amelia Earhart,wisdom,1,61,10
Some of the best lessons we ever learn are learned from past mistakes. The error of the past is the wisdom and success of the future.,Dale Turner,wisdom,1,133,26
"Many sophisticated, intelligent people lack wisdom and common sense.",Joyce Meyer,wisdom,1,68,9
Every friendship goes through ups and downs. Dysfunctional patterns set in; external situations cause internal friction; you grow apart and then bounce back together.,Mariella Frostrup,friendship,1,166,24
"Friendship, like love, is destroyed by long absence, though it may be increased by short intermissions.",Samuel Johnson,friendship,1,103,16
"Do something wonderful, people may imitate it.",Albert Schweitzer,"famous quotes, inspirational",2,46,7
There surely is in human nature an inherent propensity to extract all the good out of all the evil.,Benjamin Haydon,"famous quotes, wisdom, character",3,99,19
"As you think, so shall you become.",Bruce Lee,"famous quotes, life, inspirational",3,34,7
"Genuine sincerity opens people's hearts, while manipulation causes them to close.",Daisaku Ikeda,character,1,81,11
"The universe is full of magical things, patiently waiting for our wits to grow sharper.",Eden Phillpotts,wisdom,1,87,15
Those who cannot learn from history are doomed to repeat it.,George Santayana,wisdom,1,60,11
Ability is what you're capable of doing. Motivation determines what you do. Attitude determines how well you do it.,Lou Holtz,"famous quotes, inspirational",2,115,19
The thoughts we choose to think are the tools we use to paint the canvas of our lives.,Louise Hay,"famous quotes, life, wisdom",3,86,18
"Every adversity, every failure, every heartache carries with it the seed of an equal or greater benefit.",Napoleon Hill,"famous quotes, wisdom",2,104,17
"Strong beliefs win strong men, and then make them stronger.",Richard Bach,famous quotes,1,59,10
Do you want to know who you are? Don't ask. Act! Action will delineate and define you.,Thomas Jefferson,famous quotes,1,86,17
"A wise man is superior to any insults which can be put upon him, and the best reply to unseemly behavior is patience and moderation.",Molière,wisdom,1,132,25
Well done is better than well said.,Benjamin Franklin,"famous quotes, success",2,35,7
We must not allow ourselves to become like the system we oppose.,Desmond Tutu,character,1,64,12
The key to transforming our hearts and minds is to have an understanding of how our thoughts and emotions work.,Dalai Lama,"famous quotes, character",2,111,20
Do not give your attention to what others do or fail to do; give it to what you do or fail to do.,Dhammapada,wisdom,1,97,23
People grow through experience if they meet life honestly and courageously. This is how character is built.,Eleanor Roosevelt,character,1,107,17
"If you wish to be a writer, write.",Epictetus,success,1,34,8
"Not every difficult and dangerous thing is suitable for training, but only that which is conducive to success in achieving the object of our effort.",Epictetus,success,1,148,25
But man is not made for defeat. A man can be destroyed but not defeated.,Ernest Hemingway,"famous quotes, wisdom",2,72,15
"Character cannot be developed in ease and quiet. Only through experience of trial and suffering can the soul be strengthened, vision cleared, ambition inspired, and success achieved.",Helen Keller,character,1,182,27
You can't shake hands with a clenched fist.,Indira Gandhi,wisdom,1,43,8
There are things so deep and complex that only intuition can reach it in our stage of development as human beings.,John Astin,science,1,114,21
"You can't stop the waves, but you can learn to surf.",Jon Kabat-Zinn,wisdom,1,52,11
"If you correct your mind, the rest of your life will fall into place.",Laozi,life,1,69,14
Imagination is the highest kite one can fly.,Lauren Bacall,wisdom,1,44,8
I never see what has been done; I only see what remains to be done.,Marie Curie,"success, wisdom",2,67,15
Those who are blessed with the most talent don't necessarily outperform everyone else. It's the people with follow-through who excel.,Mary Kay Ash,success,1,133,20
No man can succeed in a line of endeavor which he does not like.,Napoleon Hill,success,1,64,14
"Here is one quality that one must possess to win, and that is definiteness of purpose, the knowledge of what one wants, and a burning desire to possess it.",Napoleon Hill,success,1,155,29
"By believing passionately in something that does not yet exist, we create it.",Nikos Kazantzakis,success,1,77,13
"The meaning I picked, the one that changed my life: Overcome fear, behold wonder.",Richard Bach,"life, change",2,81,14
It's so simple to be wise. Just think of something stupid to say and then don't say it.,Sam Levenson,famous quotes,1,87,18
"Leaders aren't born they are made. And they are made just like anything else, through hard work. And that's the price we'll have to pay to achieve that goal, or any goal.",Vince Lombardi,success,1,170,32
Everything you are against weakens you. Everything you are for empowers you.,Wayne Dyer,"wisdom, power quotes",2,76,12
Do more than dream: work.,William Arthur Ward,success,1,25,5
The function of wisdom is to discriminate between good and evil.,Cicero,wisdom,1,64,11
"Genius unrefined resembles a flash of lightning, but wisdom is like the sun.",Franz Grillparzer,wisdom,1,76,13
The greatest healing therapy is friendship and love.,Hubert Humphrey,friendship,1,52,8
"Those that know, do. Those that understand, teach.",Aristotle,wisdom,1,50,8
We need to find the courage to say NO to the things and people that are not serving us if we want to rediscover ourselves and live our lives with authenticity.,Barbara De Angelis,"life, wisdom",2,159,31
"We must learn our limits. We are all something, but none of us are everything.",Blaise Pascal,wisdom,1,78,15
"Choose a job you love, and you will never have to work a day in your life.",Confucius,"inspirational, success, life",3,74,17
"They must often change, who would be constant in happiness or wisdom.",Confucius,"famous quotes, wisdom",2,69,12
"Respect should be earned by actions, and not acquired by years.",Frank Lloyd Wright,"wisdom, life",2,63,11
"We are all inclined to judge ourselves by our ideals; others, by their acts.",Harold Nicolson,character,1,76,14
"Correction does much, but encouragement does more.",Johann Wolfgang von Goethe,famous quotes,1,50,7
All the great performers I have worked with are fueled by a personal dream.,John Eliot,success,1,75,14
Beauty is not in the face; beauty is a light in the heart.,Kahlil Gibran,life,1,58,13
"You were not born a winner, and you were not born a loser. You are what you make yourself be.",Lou Holtz,success,1,93,20
How wonderful that we have met with a paradox. Now we have some hope of making progress.,Niels Bohr,"famous quotes, science",2,88,17
What we achieve inwardly will change outer reality.,Plutarch,"change, wisdom",2,51,8
Our strength grows out of our weaknesses.,Ralph Waldo Emerson,famous quotes,1,41,7
"Can miles truly separate you from friends... If you want to be with someone you love, aren't you already there?",Richard Bach,"love, friendship",2,111,20
Things that were hard to bear are sweet to remember.,Seneca the Younger,famous quotes,1,52,10
The supreme art of war is to subdue the enemy without fighting.,Sun Tzu,famous quotes,1,63,12
The most formidable weapon against errors of every kind is reason.,Thomas Paine,famous quotes,1,66,11
When people are like each other they tend to like each other.,Tony Robbins,famous quotes,1,61,12
"You have enemies? Good. That means you've stood up for something, sometime in your life.",Winston Churchill,famous quotes,1,88,15
"The three great essentials to achieve anything worthwhile are: Hard work, Stick-to-itiveness, and Common sense.",Thomas Edison,wisdom,1,111,15
"If you were to offer a thirsty man all wisdom, you would not please him more than if you gave him a drink.",Sophocles,wisdom,1,106,23
Love is the attempt to form a friendship inspired by beauty.,Cicero,friendship,1,60,11
"To hell with circumstances, I create opportunities.",Bruce Lee,famous quotes,1,51,7
"True happiness means forging a strong spirit that is undefeated, no matter how trying our circumstances.",Daisaku Ikeda,famous quotes,1,104,16
"When fate hands us a lemon, let's try to make lemonade.",Dale Carnegie,famous quotes,1,55,11
One must be fond of people and trust them if one is not to make a mess of life.,E. M. Forster,famous quotes,1,79,19
Nobody made a greater mistake than he who did nothing because he could do only a little.,Edmund Burke,famous quotes,1,88,17
All serious daring starts from within.,Harriet Beecher Stowe,famous quotes,1,38,6
Trouble is only opportunity in work clothes.,Henry J. Kaiser,famous quotes,1,44,7
Freedom is what you do with what's been done to you.,Jean-Paul Sartre,freedom,1,52,11
Love is the flower you've got to let grow.,John Lennon,famous quotes,1,42,9
Quality is never an accident; it is always the result of intelligent effort.,John Ruskin,famous quotes,1,76,13
"All that is necessary is to accept the impossible, do without the indispensable, and bear the intolerable.",Kathleen Norris,famous quotes,1,106,17
Everything that exists is in a manner the seed of that which will be.,Marcus Aurelius,famous quotes,1,69,14
Waste no more time arguing about what a good man should be. Be one.,Marcus Aurelius,famous quotes,1,67,14
We shall never know all the good that a simple smile can do.,Mother Teresa,famous quotes,1,60,13
"Fear not for the future, weep not for the past.",Percy Bysshe Shelley,wisdom,1,47,10
The best way to pay for a lovely moment is to enjoy it.,Richard Bach,famous quotes,1,55,13
The only Zen you find on the tops of mountains is the Zen you bring up there.,Robert M. Pirsig,famous quotes,1,77,17
"Everyone has been made for some particular work, and the desire for that work has been put in every heart.",Rumi,famous quotes,1,106,20
Memory is the mother of all wisdom.,Samuel Johnson,"famous quotes, wisdom",2,35,7
Can you imagine what I would do if I could do all I can?,Sun Tzu,famous quotes,1,56,14
Life is the flower for which love is the honey.,Victor Hugo,famous quotes,1,47,10
Courage is what it takes to stand up and speak; courage is also what it takes to sit down and listen.,Winston Churchill,famous quotes,1,101,21
"Never, never, never give up.",Winston Churchill,famous quotes,1,28,5
"Consult not your fears but your hopes and your dreams. Think not about your frustrations, but about your unfulfilled potential. Concern yourself not with what you tried and failed in, but with what it is still possible for you to do.",Pope John XXIII,inspirational,1,233,41
"The key is to keep company only with people who uplift you, whose presence calls forth your best.",Epictetus,inspirational,1,97,18
It's the little details that are vital. Little things make big things happen.,John Wooden,wisdom,1,77,13
"If you don't know where you are going, any road will get you there.",Lewis Carroll,wisdom,1,67,14
"You can only learn so much from books. You can only learn so much from education. Ultimately, it is the wisdom of God that will carry you through in the toughest situations of life.",Ravi Zacharias,wisdom,1,181,34
"Habit, if not resisted, soon becomes necessity.",Augustine of Hippo,wisdom,1,47,7
"A youth, when at home, should be filial and, abroad, respectful to his elders. He should be earnest and truthful. He should overflow in love to all and cultivate the friendship of the good. When he has time and opportunity, after the performance of these things, he should employ them in polite studies.",Confucius,friendship,1,303,53
"However rare true love may be, it is less so than true friendship.",François de La Rochefoucauld,friendship,1,66,13
True friendship is like sound health; the value of it is seldom known until it is lost.,Charles Caleb Colton,friendship,1,87,17
"Neatness begets order; but from order to taste there is the same difference as from taste to genius, or from love to friendship.",Johann Kaspar Lavater,friendship,1,128,23
"When I dare to be powerful, to use my strength in the service of my vision, then it becomes less and less important whether I am afraid.",Audre Lorde,famous quotes,1,136,27
Take no thought of who is right or wrong or who is better than. Be not for or against.,Bruce Lee,famous quotes,1,86,19
"What you do not want done to yourself, do not do to others.",Confucius,wisdom,1,59,13
"When you see a man of worth, think of how you may emulate him. When you see one who is unworthy, examine yourself.",Confucius,wisdom,1,114,23
Most of the important things in the world have been accomplished by people who have kept on trying when there seemed to be no hope at all.,Dale Carnegie,famous quotes,1,138,27
A successful person is one who can lay a firm foundation with the bricks that others throw at him or her.,David Brinkley,success,1,105,21
You must do the things you think you cannot do.,Eleanor Roosevelt,famous quotes,1,47,10
Three things in human life are important. The first is to be kind. The second is to be kind. The third is to be kind.,Henry James,famous quotes,1,117,25
Be less curious about people and more curious about ideas.,Marie Curie,famous quotes,1,58,10
"Happiness is as a butterfly which, when pursued, is always beyond our grasp, but which if you will sit down quietly, may alight upon you.",Nathaniel Hawthorne,famous quotes,1,137,25
"By nature, man hates change; seldom will he quit his old home till it has actually fallen around his ears.",Thomas Carlyle,"change, wisdom",2,106,20
Minds are like parachutes. They only function when open.,Thomas Dewar,famous quotes,1,56,9
"Meditation is the dissolution of thoughts in eternal awareness or Pure consciousness without objectification, knowing without thinking, merging finitude in infinity.",Voltaire,famous quotes,1,165,21
I can't imagine a person becoming a success who doesn't give this game of life everything he's got.,Walter Cronkite,success,1,99,18
What you get by achieving your goals is not as important as what you become by achieving your goals.,Zig Ziglar,inspirational,1,100,19
Adopt the pace of nature: her secret is patience.,Ralph Waldo Emerson,wisdom,1,49,9
The only true wisdom is in knowing you know nothing.,Isocrates,wisdom,1,52,10
Nature and books belong to the eyes that see them.,Ralph Waldo Emerson,wisdom,1,50,10
"When written in Chinese, the word 'crisis' is composed of two characters. One represents danger and the other represents opportunity.",John F. Kennedy,wisdom,1,133,20
Science investigates; religion interprets. Science gives man knowledge which is power; religion gives man wisdom which is control.,Martin Luther King Jr.,wisdom,1,130,18
"Be true to yourself, help others, make each day your masterpiece, make friendship a fine art, drink deeply from good books - especially the Bible, build a shelter against a rainy day, give thanks for your blessings and pray for guidance every day.",John Wooden,friendship,1,247,43
A friend is someone who gives you total freedom to be yourself.,Jim Morrison,friendship,1,63,12
I don't need a friend who changes when I change and who nods when I nod; my shadow does that much better.,Plutarch,friendship,1,105,22
"Appreciation is the highest form of prayer, for it acknowledges the presence of good wherever you shine the light of your thankful thoughts.",Alan Cohen,"famous quotes, faith",2,140,23
"Speak when you are angry, and you will make the best speech you will ever regret.",Ambrose Bierce,famous quotes,1,81,16
"It all depends on how we look at things, and not how they are in themselves.",Carl Jung,famous quotes,1,76,16
Happiness does not come about only due to external circumstances; it mainly derives from inner attitudes.,Dalai Lama,famous quotes,1,105,16
"Be your own hero, it's cheaper than a movie ticket.",Doug Horton,famous quotes,1,51,10
"If a man does his best, what else is there?",George S. Patton,famous quotes,1,43,10
"It's not what you look at that matters, it's what you see.",Henry David Thoreau,"famous quotes, wisdom",2,58,12
